language,total_rows_lang,unique_strategies_lang,avg_answer_relevancy,avg_context_precision,avg_context_recall,avg_faithfulness,avg_noise_sensitivity,count_answer_relevancy,count_context_precision,count_context_recall,count_faithfulness,count_noise_sensitivity
de,40,1,0.9550488333349998,0.03124999999760416,0.85,0.2634090909090909,0.2357142857142857,40,40,40,40,4
en,40,1,0.9552162322720891,0.45833333329250003,0.95,0.5488594738594739,0.40334295334295334,40,40,40,39,18
fr,40,1,0.9072715338537846,0.13333333332125,0.875,0.15541666666666668,0.4583333333333333,40,40,40,40,2
